timestamp,frame,rr_interval,time
2000-01-01_00:00:00.050781+0000,0,0.0,2000-01-01_00:00:00.050781+0000
2000-01-01_00:00:00.859375+0000,207,808.59375,2000-01-01_00:00:00.859375+0000
2000-01-01_00:00:01.691406+0000,420,832.03125,2000-01-01_00:00:01.691406+0000
2000-01-01_00:00:02.507812+0000,629,816.40625,2000-01-01_00:00:02.507812+0000
2000-01-01_00:00:03.332031+0000,840,824.21875,2000-01-01_00:00:03.332031+0000
2000-01-01_00:00:04.167968+0000,1054,835.9375,2000-01-01_00:00:04.167968+0000
2000-01-01_00:00:04.988281+0000,1264,820.3125,2000-01-01_00:00:04.988281+0000
2000-01-01_00:00:05.820312+0000,1477,832.03125,2000-01-01_00:00:05.820312+0000
2000-01-01_00:00:06.656250+0000,1691,835.9375,2000-01-01_00:00:06.656250+0000
2000-01-01_00:00:07.476562+0000,1901,820.3125,2000-01-01_00:00:07.476562+0000
2000-01-01_00:00:08.292968+0000,2110,816.40625,2000-01-01_00:00:08.292968+0000
2000-01-01_00:00:09.140625+0000,2327,847.65625,2000-01-01_00:00:09.140625+0000
2000-01-01_00:00:09.933593+0000,2530,792.96875,2000-01-01_00:00:09.933593+0000
2000-01-01_00:00:10.746093+0000,2738,812.5,2000-01-01_00:00:10.746093+0000
2000-01-01_00:00:11.574218+0000,2950,828.125,2000-01-01_00:00:11.574218+0000
2000-01-01_00:00:12.406250+0000,3163,832.03125,2000-01-01_00:00:12.406250+0000
2000-01-01_00:00:13.195312+0000,3365,789.0625,2000-01-01_00:00:13.195312+0000
2000-01-01_00:00:14.007812+0000,3573,812.5,2000-01-01_00:00:14.007812+0000
2000-01-01_00:00:14.828125+0000,3783,820.3125,2000-01-01_00:00:14.828125+0000
2000-01-01_00:00:15.644531+0000,3992,816.40625,2000-01-01_00:00:15.644531+0000
2000-01-01_00:00:16.453125+0000,4199,808.59375,2000-01-01_00:00:16.453125+0000
2000-01-01_00:00:17.304687+0000,4417,851.5625,2000-01-01_00:00:17.304687+0000
2000-01-01_00:00:18.097656+0000,4620,792.96875,2000-01-01_00:00:18.097656+0000
2000-01-01_00:00:18.925781+0000,4832,828.125,2000-01-01_00:00:18.925781+0000
2000-01-01_00:00:19.765625+0000,5047,839.84375,2000-01-01_00:00:19.765625+0000
2000-01-01_00:00:20.589843+0000,5258,824.21875,2000-01-01_00:00:20.589843+0000
2000-01-01_00:00:21.410156+0000,5468,820.3125,2000-01-01_00:00:21.410156+0000
2000-01-01_00:00:22.250000+0000,5683,839.84375,2000-01-01_00:00:22.250000+0000
2000-01-01_00:00:23.070312+0000,5893,820.3125,2000-01-01_00:00:23.070312+0000
2000-01-01_00:00:23.878906+0000,6100,808.59375,2000-01-01_00:00:23.878906+0000
2000-01-01_00:00:24.703125+0000,6311,824.21875,2000-01-01_00:00:24.703125+0000
2000-01-01_00:00:25.531250+0000,6523,828.125,2000-01-01_00:00:25.531250+0000
2000-01-01_00:00:26.355468+0000,6734,824.21875,2000-01-01_00:00:26.355468+0000
2000-01-01_00:00:27.175781+0000,6944,820.3125,2000-01-01_00:00:27.175781+0000
2000-01-01_00:00:28.042968+0000,7166,867.1875,2000-01-01_00:00:28.042968+0000
2000-01-01_00:00:28.855468+0000,7374,812.5,2000-01-01_00:00:28.855468+0000
2000-01-01_00:00:29.675781+0000,7584,820.3125,2000-01-01_00:00:29.675781+0000
2000-01-01_00:00:30.519531+0000,7800,843.75,2000-01-01_00:00:30.519531+0000
2000-01-01_00:00:31.339843+0000,8010,820.3125,2000-01-01_00:00:31.339843+0000
2000-01-01_00:00:32.160156+0000,8220,820.3125,2000-01-01_00:00:32.160156+0000
2000-01-01_00:00:33.011718+0000,8438,851.5625,2000-01-01_00:00:33.011718+0000
2000-01-01_00:00:33.839843+0000,8650,828.125,2000-01-01_00:00:33.839843+0000
2000-01-01_00:00:34.640625+0000,8855,800.78125,2000-01-01_00:00:34.640625+0000
2000-01-01_00:00:35.472656+0000,9068,832.03125,2000-01-01_00:00:35.472656+0000
2000-01-01_00:00:36.316406+0000,9284,843.75,2000-01-01_00:00:36.316406+0000
2000-01-01_00:00:37.121093+0000,9490,804.6875,2000-01-01_00:00:37.121093+0000
2000-01-01_00:00:37.941406+0000,9700,820.3125,2000-01-01_00:00:37.941406+0000
2000-01-01_00:00:38.777343+0000,9914,835.9375,2000-01-01_00:00:38.777343+0000
2000-01-01_00:00:39.597656+0000,10124,820.3125,2000-01-01_00:00:39.597656+0000
2000-01-01_00:00:40.421875+0000,10335,824.21875,2000-01-01_00:00:40.421875+0000
2000-01-01_00:00:41.265625+0000,10551,843.75,2000-01-01_00:00:41.265625+0000
2000-01-01_00:00:42.082031+0000,10760,816.40625,2000-01-01_00:00:42.082031+0000
2000-01-01_00:00:42.906250+0000,10971,824.21875,2000-01-01_00:00:42.906250+0000
2000-01-01_00:00:43.738281+0000,11184,832.03125,2000-01-01_00:00:43.738281+0000
2000-01-01_00:00:44.562500+0000,11395,824.21875,2000-01-01_00:00:44.562500+0000
2000-01-01_00:00:45.382812+0000,11605,820.3125,2000-01-01_00:00:45.382812+0000
2000-01-01_00:00:46.207031+0000,11816,824.21875,2000-01-01_00:00:46.207031+0000
2000-01-01_00:00:47.046875+0000,12031,839.84375,2000-01-01_00:00:47.046875+0000
2000-01-01_00:00:47.871093+0000,12242,824.21875,2000-01-01_00:00:47.871093+0000
2000-01-01_00:00:48.722656+0000,12460,851.5625,2000-01-01_00:00:48.722656+0000
2000-01-01_00:00:49.539062+0000,12669,816.40625,2000-01-01_00:00:49.539062+0000
2000-01-01_00:00:50.359375+0000,12879,820.3125,2000-01-01_00:00:50.359375+0000
2000-01-01_00:00:51.187500+0000,13091,828.125,2000-01-01_00:00:51.187500+0000
2000-01-01_00:00:52.027343+0000,13306,839.84375,2000-01-01_00:00:52.027343+0000
2000-01-01_00:00:52.843750+0000,13515,816.40625,2000-01-01_00:00:52.843750+0000
2000-01-01_00:00:53.667968+0000,13726,824.21875,2000-01-01_00:00:53.667968+0000
2000-01-01_00:00:54.515625+0000,13943,847.65625,2000-01-01_00:00:54.515625+0000
2000-01-01_00:00:55.332031+0000,14152,816.40625,2000-01-01_00:00:55.332031+0000
2000-01-01_00:00:56.152343+0000,14362,820.3125,2000-01-01_00:00:56.152343+0000
2000-01-01_00:00:56.992187+0000,14577,839.84375,2000-01-01_00:00:56.992187+0000
2000-01-01_00:00:57.808593+0000,14786,816.40625,2000-01-01_00:00:57.808593+0000
2000-01-01_00:00:58.632812+0000,14997,824.21875,2000-01-01_00:00:58.632812+0000
2000-01-01_00:00:59.496093+0000,15218,863.28125,2000-01-01_00:00:59.496093+0000
2000-01-01_00:01:00.300781+0000,15424,804.6875,2000-01-01_00:01:00.300781+0000
2000-01-01_00:01:01.128906+0000,15636,828.125,2000-01-01_00:01:01.128906+0000
2000-01-01_00:01:01.996093+0000,15858,867.1875,2000-01-01_00:01:01.996093+0000
2000-01-01_00:01:02.808593+0000,16066,812.5,2000-01-01_00:01:02.808593+0000
2000-01-01_00:01:03.632812+0000,16277,824.21875,2000-01-01_00:01:03.632812+0000
2000-01-01_00:01:04.472656+0000,16492,839.84375,2000-01-01_00:01:04.472656+0000
2000-01-01_00:01:05.304687+0000,16705,832.03125,2000-01-01_00:01:05.304687+0000
2000-01-01_00:01:06.128906+0000,16916,824.21875,2000-01-01_00:01:06.128906+0000
2000-01-01_00:01:06.968750+0000,17131,839.84375,2000-01-01_00:01:06.968750+0000
2000-01-01_00:01:07.816406+0000,17348,847.65625,2000-01-01_00:01:07.816406+0000
2000-01-01_00:01:08.636718+0000,17558,820.3125,2000-01-01_00:01:08.636718+0000
2000-01-01_00:01:09.460937+0000,17769,824.21875,2000-01-01_00:01:09.460937+0000
2000-01-01_00:01:10.304687+0000,17985,843.75,2000-01-01_00:01:10.304687+0000
2000-01-01_00:01:11.156250+0000,18203,851.5625,2000-01-01_00:01:11.156250+0000
2000-01-01_00:01:11.964843+0000,18410,808.59375,2000-01-01_00:01:11.964843+0000
2000-01-01_00:01:12.800781+0000,18624,835.9375,2000-01-01_00:01:12.800781+0000
2000-01-01_00:01:13.628906+0000,18836,828.125,2000-01-01_00:01:13.628906+0000
2000-01-01_00:01:14.449218+0000,19046,820.3125,2000-01-01_00:01:14.449218+0000
2000-01-01_00:01:15.296875+0000,19263,847.65625,2000-01-01_00:01:15.296875+0000
2000-01-01_00:01:16.125000+0000,19475,828.125,2000-01-01_00:01:16.125000+0000
2000-01-01_00:01:16.945312+0000,19685,820.3125,2000-01-01_00:01:16.945312+0000
2000-01-01_00:01:17.785156+0000,19900,839.84375,2000-01-01_00:01:17.785156+0000
2000-01-01_00:01:18.625000+0000,20115,839.84375,2000-01-01_00:01:18.625000+0000
2000-01-01_00:01:19.445312+0000,20325,820.3125,2000-01-01_00:01:19.445312+0000
2000-01-01_00:01:20.285156+0000,20540,839.84375,2000-01-01_00:01:20.285156+0000
2000-01-01_00:01:21.121093+0000,20754,835.9375,2000-01-01_00:01:21.121093+0000
2000-01-01_00:01:21.949218+0000,20966,828.125,2000-01-01_00:01:21.949218+0000
2000-01-01_00:01:22.773437+0000,21177,824.21875,2000-01-01_00:01:22.773437+0000
2000-01-01_00:01:23.617187+0000,21393,843.75,2000-01-01_00:01:23.617187+0000
2000-01-01_00:01:24.453125+0000,21607,835.9375,2000-01-01_00:01:24.453125+0000
2000-01-01_00:01:25.281250+0000,21819,828.125,2000-01-01_00:01:25.281250+0000
2000-01-01_00:01:26.125000+0000,22035,843.75,2000-01-01_00:01:26.125000+0000
2000-01-01_00:01:26.972656+0000,22252,847.65625,2000-01-01_00:01:26.972656+0000
2000-01-01_00:01:27.804687+0000,22465,832.03125,2000-01-01_00:01:27.804687+0000
2000-01-01_00:01:28.644531+0000,22680,839.84375,2000-01-01_00:01:28.644531+0000
2000-01-01_00:01:29.492187+0000,22897,847.65625,2000-01-01_00:01:29.492187+0000
2000-01-01_00:01:30.324218+0000,23110,832.03125,2000-01-01_00:01:30.324218+0000
2000-01-01_00:01:31.156250+0000,23323,832.03125,2000-01-01_00:01:31.156250+0000
2000-01-01_00:01:32.003906+0000,23540,847.65625,2000-01-01_00:01:32.003906+0000
2000-01-01_00:01:32.839843+0000,23754,835.9375,2000-01-01_00:01:32.839843+0000
2000-01-01_00:01:33.679687+0000,23969,839.84375,2000-01-01_00:01:33.679687+0000
2000-01-01_00:01:34.535156+0000,24188,855.46875,2000-01-01_00:01:34.535156+0000
2000-01-01_00:01:35.371093+0000,24402,835.9375,2000-01-01_00:01:35.371093+0000
2000-01-01_00:01:36.199218+0000,24614,828.125,2000-01-01_00:01:36.199218+0000
2000-01-01_00:01:37.046875+0000,24831,847.65625,2000-01-01_00:01:37.046875+0000
2000-01-01_00:01:37.878906+0000,25044,832.03125,2000-01-01_00:01:37.878906+0000
2000-01-01_00:01:38.710937+0000,25257,832.03125,2000-01-01_00:01:38.710937+0000
2000-01-01_00:01:39.558593+0000,25474,847.65625,2000-01-01_00:01:39.558593+0000
2000-01-01_00:01:40.382812+0000,25685,824.21875,2000-01-01_00:01:40.382812+0000
2000-01-01_00:01:41.214843+0000,25898,832.03125,2000-01-01_00:01:41.214843+0000
2000-01-01_00:01:42.078125+0000,26119,863.28125,2000-01-01_00:01:42.078125+0000
2000-01-01_00:01:42.890625+0000,26327,812.5,2000-01-01_00:01:42.890625+0000
2000-01-01_00:01:43.718750+0000,26539,828.125,2000-01-01_00:01:43.718750+0000
2000-01-01_00:01:44.558593+0000,26754,839.84375,2000-01-01_00:01:44.558593+0000
2000-01-01_00:01:45.398437+0000,26969,839.84375,2000-01-01_00:01:45.398437+0000
2000-01-01_00:01:46.214843+0000,27178,816.40625,2000-01-01_00:01:46.214843+0000
2000-01-01_00:01:47.050781+0000,27392,835.9375,2000-01-01_00:01:47.050781+0000
2000-01-01_00:01:47.898437+0000,27609,847.65625,2000-01-01_00:01:47.898437+0000
2000-01-01_00:01:48.722656+0000,27820,824.21875,2000-01-01_00:01:48.722656+0000
2000-01-01_00:01:49.554687+0000,28033,832.03125,2000-01-01_00:01:49.554687+0000
2000-01-01_00:01:50.406250+0000,28251,851.5625,2000-01-01_00:01:50.406250+0000
2000-01-01_00:01:51.230468+0000,28462,824.21875,2000-01-01_00:01:51.230468+0000
2000-01-01_00:01:52.066406+0000,28676,835.9375,2000-01-01_00:01:52.066406+0000
2000-01-01_00:01:52.914062+0000,28893,847.65625,2000-01-01_00:01:52.914062+0000
2000-01-01_00:01:53.742187+0000,29105,828.125,2000-01-01_00:01:53.742187+0000
2000-01-01_00:01:54.562500+0000,29315,820.3125,2000-01-01_00:01:54.562500+0000
2000-01-01_00:01:55.394531+0000,29528,832.03125,2000-01-01_00:01:55.394531+0000
2000-01-01_00:01:56.218750+0000,29739,824.21875,2000-01-01_00:01:56.218750+0000
2000-01-01_00:01:57.042968+0000,29950,824.21875,2000-01-01_00:01:57.042968+0000
2000-01-01_00:01:57.898437+0000,30169,855.46875,2000-01-01_00:01:57.898437+0000
2000-01-01_00:01:58.726562+0000,30381,828.125,2000-01-01_00:01:58.726562+0000
2000-01-01_00:01:59.542968+0000,30590,816.40625,2000-01-01_00:01:59.542968+0000
2000-01-01_00:02:00.363281+0000,30800,820.3125,2000-01-01_00:02:00.363281+0000
2000-01-01_00:02:01.187500+0000,31011,824.21875,2000-01-01_00:02:01.187500+0000
2000-01-01_00:02:02.000000+0000,31219,812.5,2000-01-01_00:02:02.000000+0000
2000-01-01_00:02:02.832031+0000,31432,832.03125,2000-01-01_00:02:02.832031+0000
2000-01-01_00:02:03.652343+0000,31642,820.3125,2000-01-01_00:02:03.652343+0000
2000-01-01_00:02:04.460937+0000,31849,808.59375,2000-01-01_00:02:04.460937+0000
2000-01-01_00:02:05.289062+0000,32061,828.125,2000-01-01_00:02:05.289062+0000
2000-01-01_00:02:06.121093+0000,32274,832.03125,2000-01-01_00:02:06.121093+0000
2000-01-01_00:02:06.941406+0000,32484,820.3125,2000-01-01_00:02:06.941406+0000
2000-01-01_00:02:07.773437+0000,32697,832.03125,2000-01-01_00:02:07.773437+0000
2000-01-01_00:02:08.617187+0000,32913,843.75,2000-01-01_00:02:08.617187+0000
2000-01-01_00:02:09.445312+0000,33125,828.125,2000-01-01_00:02:09.445312+0000
2000-01-01_00:02:10.269531+0000,33336,824.21875,2000-01-01_00:02:10.269531+0000
2000-01-01_00:02:11.101562+0000,33549,832.03125,2000-01-01_00:02:11.101562+0000
2000-01-01_00:02:11.917968+0000,33758,816.40625,2000-01-01_00:02:11.917968+0000
2000-01-01_00:02:12.734375+0000,33967,816.40625,2000-01-01_00:02:12.734375+0000
2000-01-01_00:02:13.570312+0000,34181,835.9375,2000-01-01_00:02:13.570312+0000
2000-01-01_00:02:14.394531+0000,34392,824.21875,2000-01-01_00:02:14.394531+0000
2000-01-01_00:02:15.210937+0000,34601,816.40625,2000-01-01_00:02:15.210937+0000
2000-01-01_00:02:16.039062+0000,34813,828.125,2000-01-01_00:02:16.039062+0000
2000-01-01_00:02:16.867187+0000,35025,828.125,2000-01-01_00:02:16.867187+0000
2000-01-01_00:02:17.667968+0000,35230,800.78125,2000-01-01_00:02:17.667968+0000
2000-01-01_00:02:18.488281+0000,35440,820.3125,2000-01-01_00:02:18.488281+0000
2000-01-01_00:02:19.320312+0000,35653,832.03125,2000-01-01_00:02:19.320312+0000
2000-01-01_00:02:20.152343+0000,35866,832.03125,2000-01-01_00:02:20.152343+0000
2000-01-01_00:02:20.996093+0000,36082,843.75,2000-01-01_00:02:20.996093+0000
2000-01-01_00:02:21.828125+0000,36295,832.03125,2000-01-01_00:02:21.828125+0000
2000-01-01_00:02:22.652343+0000,36506,824.21875,2000-01-01_00:02:22.652343+0000
2000-01-01_00:02:23.496093+0000,36722,843.75,2000-01-01_00:02:23.496093+0000
2000-01-01_00:02:24.328125+0000,36935,832.03125,2000-01-01_00:02:24.328125+0000
2000-01-01_00:02:25.156250+0000,37147,828.125,2000-01-01_00:02:25.156250+0000
2000-01-01_00:02:25.996093+0000,37362,839.84375,2000-01-01_00:02:25.996093+0000
2000-01-01_00:02:26.832031+0000,37576,835.9375,2000-01-01_00:02:26.832031+0000
2000-01-01_00:02:27.656250+0000,37787,824.21875,2000-01-01_00:02:27.656250+0000
2000-01-01_00:02:28.492187+0000,38001,835.9375,2000-01-01_00:02:28.492187+0000
2000-01-01_00:02:29.343750+0000,38219,851.5625,2000-01-01_00:02:29.343750+0000
2000-01-01_00:02:30.183593+0000,38434,839.84375,2000-01-01_00:02:30.183593+0000
2000-01-01_00:02:31.027343+0000,38650,843.75,2000-01-01_00:02:31.027343+0000
2000-01-01_00:02:31.875000+0000,38867,847.65625,2000-01-01_00:02:31.875000+0000
2000-01-01_00:02:32.707031+0000,39080,832.03125,2000-01-01_00:02:32.707031+0000
2000-01-01_00:02:33.527343+0000,39290,820.3125,2000-01-01_00:02:33.527343+0000
2000-01-01_00:02:34.355468+0000,39502,828.125,2000-01-01_00:02:34.355468+0000
2000-01-01_00:02:35.171875+0000,39711,816.40625,2000-01-01_00:02:35.171875+0000
2000-01-01_00:02:35.988281+0000,39920,816.40625,2000-01-01_00:02:35.988281+0000
2000-01-01_00:02:36.820312+0000,40133,832.03125,2000-01-01_00:02:36.820312+0000
2000-01-01_00:02:37.660156+0000,40348,839.84375,2000-01-01_00:02:37.660156+0000
2000-01-01_00:02:38.476562+0000,40557,816.40625,2000-01-01_00:02:38.476562+0000
2000-01-01_00:02:39.300781+0000,40768,824.21875,2000-01-01_00:02:39.300781+0000
2000-01-01_00:02:40.148437+0000,40985,847.65625,2000-01-01_00:02:40.148437+0000
2000-01-01_00:02:40.968750+0000,41195,820.3125,2000-01-01_00:02:40.968750+0000
2000-01-01_00:02:41.785156+0000,41404,816.40625,2000-01-01_00:02:41.785156+0000
2000-01-01_00:02:42.605468+0000,41614,820.3125,2000-01-01_00:02:42.605468+0000
2000-01-01_00:02:43.433593+0000,41826,828.125,2000-01-01_00:02:43.433593+0000
2000-01-01_00:02:44.261718+0000,42038,828.125,2000-01-01_00:02:44.261718+0000
2000-01-01_00:02:45.074218+0000,42246,812.5,2000-01-01_00:02:45.074218+0000
2000-01-01_00:02:45.902343+0000,42458,828.125,2000-01-01_00:02:45.902343+0000
2000-01-01_00:02:46.726562+0000,42669,824.21875,2000-01-01_00:02:46.726562+0000
2000-01-01_00:02:47.542968+0000,42878,816.40625,2000-01-01_00:02:47.542968+0000
2000-01-01_00:02:48.378906+0000,43092,835.9375,2000-01-01_00:02:48.378906+0000
2000-01-01_00:02:49.226562+0000,43309,847.65625,2000-01-01_00:02:49.226562+0000
2000-01-01_00:02:50.046875+0000,43519,820.3125,2000-01-01_00:02:50.046875+0000
2000-01-01_00:02:50.863281+0000,43728,816.40625,2000-01-01_00:02:50.863281+0000
2000-01-01_00:02:51.699218+0000,43942,835.9375,2000-01-01_00:02:51.699218+0000
2000-01-01_00:02:52.535156+0000,44156,835.9375,2000-01-01_00:02:52.535156+0000
2000-01-01_00:02:53.359375+0000,44367,824.21875,2000-01-01_00:02:53.359375+0000
2000-01-01_00:02:54.187500+0000,44579,828.125,2000-01-01_00:02:54.187500+0000
2000-01-01_00:02:55.031250+0000,44795,843.75,2000-01-01_00:02:55.031250+0000
2000-01-01_00:02:55.878906+0000,45012,847.65625,2000-01-01_00:02:55.878906+0000
2000-01-01_00:02:56.695312+0000,45221,816.40625,2000-01-01_00:02:56.695312+0000
2000-01-01_00:02:57.542968+0000,45438,847.65625,2000-01-01_00:02:57.542968+0000
2000-01-01_00:02:58.375000+0000,45651,832.03125,2000-01-01_00:02:58.375000+0000
2000-01-01_00:02:59.210937+0000,45865,835.9375,2000-01-01_00:02:59.210937+0000
2000-01-01_00:03:00.054687+0000,46081,843.75,2000-01-01_00:03:00.054687+0000
2000-01-01_00:03:00.878906+0000,46292,824.21875,2000-01-01_00:03:00.878906+0000
2000-01-01_00:03:01.695312+0000,46501,816.40625,2000-01-01_00:03:01.695312+0000
2000-01-01_00:03:02.527343+0000,46714,832.03125,2000-01-01_00:03:02.527343+0000
2000-01-01_00:03:03.363281+0000,46928,835.9375,2000-01-01_00:03:03.363281+0000
2000-01-01_00:03:04.179687+0000,47137,816.40625,2000-01-01_00:03:04.179687+0000
2000-01-01_00:03:05.015625+0000,47351,835.9375,2000-01-01_00:03:05.015625+0000
2000-01-01_00:03:05.859375+0000,47567,843.75,2000-01-01_00:03:05.859375+0000
2000-01-01_00:03:06.699218+0000,47782,839.84375,2000-01-01_00:03:06.699218+0000
2000-01-01_00:03:07.546875+0000,47999,847.65625,2000-01-01_00:03:07.546875+0000
2000-01-01_00:03:08.398437+0000,48217,851.5625,2000-01-01_00:03:08.398437+0000
2000-01-01_00:03:09.230468+0000,48430,832.03125,2000-01-01_00:03:09.230468+0000
2000-01-01_00:03:10.062500+0000,48643,832.03125,2000-01-01_00:03:10.062500+0000
2000-01-01_00:03:10.902343+0000,48858,839.84375,2000-01-01_00:03:10.902343+0000
2000-01-01_00:03:11.746093+0000,49074,843.75,2000-01-01_00:03:11.746093+0000
2000-01-01_00:03:12.550781+0000,49280,804.6875,2000-01-01_00:03:12.550781+0000
2000-01-01_00:03:13.386718+0000,49494,835.9375,2000-01-01_00:03:13.386718+0000
2000-01-01_00:03:14.214843+0000,49706,828.125,2000-01-01_00:03:14.214843+0000
2000-01-01_00:03:15.023437+0000,49913,808.59375,2000-01-01_00:03:15.023437+0000
2000-01-01_00:03:15.855468+0000,50126,832.03125,2000-01-01_00:03:15.855468+0000
2000-01-01_00:03:16.695312+0000,50341,839.84375,2000-01-01_00:03:16.695312+0000
2000-01-01_00:03:17.507812+0000,50549,812.5,2000-01-01_00:03:17.507812+0000
2000-01-01_00:03:18.320312+0000,50757,812.5,2000-01-01_00:03:18.320312+0000
2000-01-01_00:03:19.156250+0000,50971,835.9375,2000-01-01_00:03:19.156250+0000
2000-01-01_00:03:19.980468+0000,51182,824.21875,2000-01-01_00:03:19.980468+0000
2000-01-01_00:03:20.789062+0000,51389,808.59375,2000-01-01_00:03:20.789062+0000
2000-01-01_00:03:21.621093+0000,51602,832.03125,2000-01-01_00:03:21.621093+0000
2000-01-01_00:03:22.464843+0000,51818,843.75,2000-01-01_00:03:22.464843+0000
2000-01-01_00:03:23.257812+0000,52021,792.96875,2000-01-01_00:03:23.257812+0000
2000-01-01_00:03:24.074218+0000,52230,816.40625,2000-01-01_00:03:24.074218+0000
2000-01-01_00:03:24.914062+0000,52445,839.84375,2000-01-01_00:03:24.914062+0000
2000-01-01_00:03:25.734375+0000,52655,820.3125,2000-01-01_00:03:25.734375+0000
2000-01-01_00:03:26.550781+0000,52864,816.40625,2000-01-01_00:03:26.550781+0000
2000-01-01_00:03:27.375000+0000,53075,824.21875,2000-01-01_00:03:27.375000+0000
2000-01-01_00:03:28.195312+0000,53285,820.3125,2000-01-01_00:03:28.195312+0000
2000-01-01_00:03:29.015625+0000,53495,820.3125,2000-01-01_00:03:29.015625+0000
2000-01-01_00:03:29.835937+0000,53705,820.3125,2000-01-01_00:03:29.835937+0000
2000-01-01_00:03:30.671875+0000,53919,835.9375,2000-01-01_00:03:30.671875+0000
2000-01-01_00:03:31.500000+0000,54131,828.125,2000-01-01_00:03:31.500000+0000
2000-01-01_00:03:32.332031+0000,54344,832.03125,2000-01-01_00:03:32.332031+0000
2000-01-01_00:03:33.171875+0000,54559,839.84375,2000-01-01_00:03:33.171875+0000
2000-01-01_00:03:33.988281+0000,54768,816.40625,2000-01-01_00:03:33.988281+0000
2000-01-01_00:03:34.804687+0000,54977,816.40625,2000-01-01_00:03:34.804687+0000
2000-01-01_00:03:35.644531+0000,55192,839.84375,2000-01-01_00:03:35.644531+0000
2000-01-01_00:03:36.480468+0000,55406,835.9375,2000-01-01_00:03:36.480468+0000
2000-01-01_00:03:37.300781+0000,55616,820.3125,2000-01-01_00:03:37.300781+0000
2000-01-01_00:03:38.140625+0000,55831,839.84375,2000-01-01_00:03:38.140625+0000
2000-01-01_00:03:38.996093+0000,56050,855.46875,2000-01-01_00:03:38.996093+0000
2000-01-01_00:03:39.812500+0000,56259,816.40625,2000-01-01_00:03:39.812500+0000
2000-01-01_00:03:40.656250+0000,56475,843.75,2000-01-01_00:03:40.656250+0000
2000-01-01_00:03:41.507812+0000,56693,851.5625,2000-01-01_00:03:41.507812+0000
2000-01-01_00:03:42.343750+0000,56907,835.9375,2000-01-01_00:03:42.343750+0000
2000-01-01_00:03:43.167968+0000,57118,824.21875,2000-01-01_00:03:43.167968+0000
2000-01-01_00:03:44.007812+0000,57333,839.84375,2000-01-01_00:03:44.007812+0000
2000-01-01_00:03:44.839843+0000,57546,832.03125,2000-01-01_00:03:44.839843+0000
2000-01-01_00:03:45.648437+0000,57753,808.59375,2000-01-01_00:03:45.648437+0000
2000-01-01_00:03:46.484375+0000,57967,835.9375,2000-01-01_00:03:46.484375+0000
2000-01-01_00:03:47.320312+0000,58181,835.9375,2000-01-01_00:03:47.320312+0000
2000-01-01_00:03:48.140625+0000,58391,820.3125,2000-01-01_00:03:48.140625+0000
2000-01-01_00:03:48.976562+0000,58605,835.9375,2000-01-01_00:03:48.976562+0000
2000-01-01_00:03:49.820312+0000,58821,843.75,2000-01-01_00:03:49.820312+0000
2000-01-01_00:03:50.644531+0000,59032,824.21875,2000-01-01_00:03:50.644531+0000
2000-01-01_00:03:51.472656+0000,59244,828.125,2000-01-01_00:03:51.472656+0000
2000-01-01_00:03:52.324218+0000,59462,851.5625,2000-01-01_00:03:52.324218+0000
2000-01-01_00:03:53.152343+0000,59674,828.125,2000-01-01_00:03:53.152343+0000
2000-01-01_00:03:53.960937+0000,59881,808.59375,2000-01-01_00:03:53.960937+0000
2000-01-01_00:03:54.781250+0000,60091,820.3125,2000-01-01_00:03:54.781250+0000
2000-01-01_00:03:55.593750+0000,60299,812.5,2000-01-01_00:03:55.593750+0000
2000-01-01_00:03:56.406250+0000,60507,812.5,2000-01-01_00:03:56.406250+0000
2000-01-01_00:03:57.222656+0000,60716,816.40625,2000-01-01_00:03:57.222656+0000
2000-01-01_00:03:58.058593+0000,60930,835.9375,2000-01-01_00:03:58.058593+0000
2000-01-01_00:03:58.878906+0000,61140,820.3125,2000-01-01_00:03:58.878906+0000
2000-01-01_00:03:59.691406+0000,61348,812.5,2000-01-01_00:03:59.691406+0000
2000-01-01_00:04:00.503906+0000,61556,812.5,2000-01-01_00:04:00.503906+0000
2000-01-01_00:04:01.324218+0000,61766,820.3125,2000-01-01_00:04:01.324218+0000
2000-01-01_00:04:02.140625+0000,61975,816.40625,2000-01-01_00:04:02.140625+0000
2000-01-01_00:04:02.953125+0000,62183,812.5,2000-01-01_00:04:02.953125+0000
2000-01-01_00:04:03.785156+0000,62396,832.03125,2000-01-01_00:04:03.785156+0000
2000-01-01_00:04:04.601562+0000,62605,816.40625,2000-01-01_00:04:04.601562+0000
2000-01-01_00:04:05.429687+0000,62817,828.125,2000-01-01_00:04:05.429687+0000
2000-01-01_00:04:06.257812+0000,63029,828.125,2000-01-01_00:04:06.257812+0000
2000-01-01_00:04:07.078125+0000,63239,820.3125,2000-01-01_00:04:07.078125+0000
2000-01-01_00:04:07.910156+0000,63452,832.03125,2000-01-01_00:04:07.910156+0000
2000-01-01_00:04:08.746093+0000,63666,835.9375,2000-01-01_00:04:08.746093+0000
2000-01-01_00:04:09.578125+0000,63879,832.03125,2000-01-01_00:04:09.578125+0000
2000-01-01_00:04:10.406250+0000,64091,828.125,2000-01-01_00:04:10.406250+0000
2000-01-01_00:04:11.222656+0000,64300,816.40625,2000-01-01_00:04:11.222656+0000
2000-01-01_00:04:12.054687+0000,64513,832.03125,2000-01-01_00:04:12.054687+0000
2000-01-01_00:04:12.882812+0000,64725,828.125,2000-01-01_00:04:12.882812+0000
2000-01-01_00:04:13.699218+0000,64934,816.40625,2000-01-01_00:04:13.699218+0000
2000-01-01_00:04:14.523437+0000,65145,824.21875,2000-01-01_00:04:14.523437+0000
2000-01-01_00:04:15.375000+0000,65363,851.5625,2000-01-01_00:04:15.375000+0000
2000-01-01_00:04:16.195312+0000,65573,820.3125,2000-01-01_00:04:16.195312+0000
2000-01-01_00:04:17.039062+0000,65789,843.75,2000-01-01_00:04:17.039062+0000
2000-01-01_00:04:17.863281+0000,66000,824.21875,2000-01-01_00:04:17.863281+0000
2000-01-01_00:04:18.695312+0000,66213,832.03125,2000-01-01_00:04:18.695312+0000
2000-01-01_00:04:19.507812+0000,66421,812.5,2000-01-01_00:04:19.507812+0000
2000-01-01_00:04:20.332031+0000,66632,824.21875,2000-01-01_00:04:20.332031+0000
2000-01-01_00:04:21.179687+0000,66849,847.65625,2000-01-01_00:04:21.179687+0000
2000-01-01_00:04:21.996093+0000,67058,816.40625,2000-01-01_00:04:21.996093+0000
2000-01-01_00:04:22.820312+0000,67269,824.21875,2000-01-01_00:04:22.820312+0000
2000-01-01_00:04:23.660156+0000,67484,839.84375,2000-01-01_00:04:23.660156+0000
2000-01-01_00:04:24.488281+0000,67696,828.125,2000-01-01_00:04:24.488281+0000
2000-01-01_00:04:25.312500+0000,67907,824.21875,2000-01-01_00:04:25.312500+0000
2000-01-01_00:04:26.156250+0000,68123,843.75,2000-01-01_00:04:26.156250+0000
2000-01-01_00:04:27.000000+0000,68339,843.75,2000-01-01_00:04:27.000000+0000
2000-01-01_00:04:27.828125+0000,68551,828.125,2000-01-01_00:04:27.828125+0000
2000-01-01_00:04:28.664062+0000,68765,835.9375,2000-01-01_00:04:28.664062+0000
2000-01-01_00:04:29.515625+0000,68983,851.5625,2000-01-01_00:04:29.515625+0000
2000-01-01_00:04:30.324218+0000,69190,808.59375,2000-01-01_00:04:30.324218+0000
2000-01-01_00:04:31.140625+0000,69399,816.40625,2000-01-01_00:04:31.140625+0000
2000-01-01_00:04:31.976562+0000,69613,835.9375,2000-01-01_00:04:31.976562+0000
2000-01-01_00:04:32.796875+0000,69823,820.3125,2000-01-01_00:04:32.796875+0000
2000-01-01_00:04:33.613281+0000,70032,816.40625,2000-01-01_00:04:33.613281+0000
2000-01-01_00:04:34.453125+0000,70247,839.84375,2000-01-01_00:04:34.453125+0000
2000-01-01_00:04:35.289062+0000,70461,835.9375,2000-01-01_00:04:35.289062+0000
2000-01-01_00:04:36.105468+0000,70670,816.40625,2000-01-01_00:04:36.105468+0000
2000-01-01_00:04:36.921875+0000,70879,816.40625,2000-01-01_00:04:36.921875+0000
2000-01-01_00:04:37.750000+0000,71091,828.125,2000-01-01_00:04:37.750000+0000
2000-01-01_00:04:38.585937+0000,71305,835.9375,2000-01-01_00:04:38.585937+0000
2000-01-01_00:04:39.425781+0000,71520,839.84375,2000-01-01_00:04:39.425781+0000
2000-01-01_00:04:40.265625+0000,71735,839.84375,2000-01-01_00:04:40.265625+0000
2000-01-01_00:04:41.097656+0000,71948,832.03125,2000-01-01_00:04:41.097656+0000
2000-01-01_00:04:41.921875+0000,72159,824.21875,2000-01-01_00:04:41.921875+0000
2000-01-01_00:04:42.746093+0000,72370,824.21875,2000-01-01_00:04:42.746093+0000
2000-01-01_00:04:43.582031+0000,72584,835.9375,2000-01-01_00:04:43.582031+0000
2000-01-01_00:04:44.410156+0000,72796,828.125,2000-01-01_00:04:44.410156+0000
2000-01-01_00:04:45.230468+0000,73006,820.3125,2000-01-01_00:04:45.230468+0000
2000-01-01_00:04:46.070312+0000,73221,839.84375,2000-01-01_00:04:46.070312+0000
2000-01-01_00:04:46.886718+0000,73430,816.40625,2000-01-01_00:04:46.886718+0000
2000-01-01_00:04:47.695312+0000,73637,808.59375,2000-01-01_00:04:47.695312+0000
2000-01-01_00:04:48.511718+0000,73846,816.40625,2000-01-01_00:04:48.511718+0000
2000-01-01_00:04:49.343750+0000,74059,832.03125,2000-01-01_00:04:49.343750+0000
2000-01-01_00:04:50.171875+0000,74271,828.125,2000-01-01_00:04:50.171875+0000
2000-01-01_00:04:50.988281+0000,74480,816.40625,2000-01-01_00:04:50.988281+0000
2000-01-01_00:04:51.828125+0000,74695,839.84375,2000-01-01_00:04:51.828125+0000
2000-01-01_00:04:52.660156+0000,74908,832.03125,2000-01-01_00:04:52.660156+0000
2000-01-01_00:04:53.476562+0000,75117,816.40625,2000-01-01_00:04:53.476562+0000
2000-01-01_00:04:54.312500+0000,75331,835.9375,2000-01-01_00:04:54.312500+0000
2000-01-01_00:04:55.156250+0000,75547,843.75,2000-01-01_00:04:55.156250+0000
2000-01-01_00:04:55.984375+0000,75759,828.125,2000-01-01_00:04:55.984375+0000
2000-01-01_00:04:56.812500+0000,75971,828.125,2000-01-01_00:04:56.812500+0000
2000-01-01_00:04:57.652343+0000,76186,839.84375,2000-01-01_00:04:57.652343+0000
2000-01-01_00:04:58.500000+0000,76403,847.65625,2000-01-01_00:04:58.500000+0000
2000-01-01_00:04:59.320312+0000,76613,820.3125,2000-01-01_00:04:59.320312+0000
2000-01-01_00:05:00.148437+0000,76825,828.125,2000-01-01_00:05:00.148437+0000
2000-01-01_00:05:01.007812+0000,77045,859.375,2000-01-01_00:05:01.007812+0000
2000-01-01_00:05:01.839843+0000,77258,832.03125,2000-01-01_00:05:01.839843+0000
2000-01-01_00:05:02.671875+0000,77471,832.03125,2000-01-01_00:05:02.671875+0000
2000-01-01_00:05:03.511718+0000,77686,839.84375,2000-01-01_00:05:03.511718+0000
2000-01-01_00:05:04.347656+0000,77900,835.9375,2000-01-01_00:05:04.347656+0000
2000-01-01_00:05:05.179687+0000,78113,832.03125,2000-01-01_00:05:05.179687+0000
2000-01-01_00:05:06.015625+0000,78327,835.9375,2000-01-01_00:05:06.015625+0000
2000-01-01_00:05:06.855468+0000,78542,839.84375,2000-01-01_00:05:06.855468+0000
2000-01-01_00:05:07.683593+0000,78754,828.125,2000-01-01_00:05:07.683593+0000
2000-01-01_00:05:08.507812+0000,78965,824.21875,2000-01-01_00:05:08.507812+0000
2000-01-01_00:05:09.347656+0000,79180,839.84375,2000-01-01_00:05:09.347656+0000
2000-01-01_00:05:10.183593+0000,79394,835.9375,2000-01-01_00:05:10.183593+0000
2000-01-01_00:05:11.011718+0000,79606,828.125,2000-01-01_00:05:11.011718+0000
2000-01-01_00:05:11.855468+0000,79822,843.75,2000-01-01_00:05:11.855468+0000
2000-01-01_00:05:12.707031+0000,80040,851.5625,2000-01-01_00:05:12.707031+0000
2000-01-01_00:05:13.519531+0000,80248,812.5,2000-01-01_00:05:13.519531+0000
2000-01-01_00:05:14.351562+0000,80461,832.03125,2000-01-01_00:05:14.351562+0000
2000-01-01_00:05:15.183593+0000,80674,832.03125,2000-01-01_00:05:15.183593+0000
2000-01-01_00:05:16.023437+0000,80889,839.84375,2000-01-01_00:05:16.023437+0000
2000-01-01_00:05:16.855468+0000,81102,832.03125,2000-01-01_00:05:16.855468+0000
2000-01-01_00:05:17.703125+0000,81319,847.65625,2000-01-01_00:05:17.703125+0000
2000-01-01_00:05:18.531250+0000,81531,828.125,2000-01-01_00:05:18.531250+0000
2000-01-01_00:05:19.339843+0000,81738,808.59375,2000-01-01_00:05:19.339843+0000
2000-01-01_00:05:20.164062+0000,81949,824.21875,2000-01-01_00:05:20.164062+0000
2000-01-01_00:05:21.007812+0000,82165,843.75,2000-01-01_00:05:21.007812+0000
2000-01-01_00:05:21.839843+0000,82378,832.03125,2000-01-01_00:05:21.839843+0000
2000-01-01_00:05:22.675781+0000,82592,835.9375,2000-01-01_00:05:22.675781+0000
2000-01-01_00:05:23.519531+0000,82808,843.75,2000-01-01_00:05:23.519531+0000
2000-01-01_00:05:24.355468+0000,83022,835.9375,2000-01-01_00:05:24.355468+0000
2000-01-01_00:05:25.199218+0000,83238,843.75,2000-01-01_00:05:25.199218+0000
2000-01-01_00:05:26.050781+0000,83456,851.5625,2000-01-01_00:05:26.050781+0000
2000-01-01_00:05:26.894531+0000,83672,843.75,2000-01-01_00:05:26.894531+0000
2000-01-01_00:05:27.710937+0000,83881,816.40625,2000-01-01_00:05:27.710937+0000
2000-01-01_00:05:28.539062+0000,84093,828.125,2000-01-01_00:05:28.539062+0000
2000-01-01_00:05:29.367187+0000,84305,828.125,2000-01-01_00:05:29.367187+0000
2000-01-01_00:05:30.183593+0000,84514,816.40625,2000-01-01_00:05:30.183593+0000
2000-01-01_00:05:31.003906+0000,84724,820.3125,2000-01-01_00:05:31.003906+0000
2000-01-01_00:05:31.859375+0000,84943,855.46875,2000-01-01_00:05:31.859375+0000
2000-01-01_00:05:32.683593+0000,85154,824.21875,2000-01-01_00:05:32.683593+0000
2000-01-01_00:05:33.496093+0000,85362,812.5,2000-01-01_00:05:33.496093+0000
2000-01-01_00:05:34.339843+0000,85578,843.75,2000-01-01_00:05:34.339843+0000
2000-01-01_00:05:35.191406+0000,85796,851.5625,2000-01-01_00:05:35.191406+0000
2000-01-01_00:05:36.023437+0000,86009,832.03125,2000-01-01_00:05:36.023437+0000
2000-01-01_00:05:36.863281+0000,86224,839.84375,2000-01-01_00:05:36.863281+0000
2000-01-01_00:05:37.718750+0000,86443,855.46875,2000-01-01_00:05:37.718750+0000
2000-01-01_00:05:38.562500+0000,86659,843.75,2000-01-01_00:05:38.562500+0000
2000-01-01_00:05:39.410156+0000,86876,847.65625,2000-01-01_00:05:39.410156+0000
2000-01-01_00:05:40.277343+0000,87098,867.1875,2000-01-01_00:05:40.277343+0000
2000-01-01_00:05:41.113281+0000,87312,835.9375,2000-01-01_00:05:41.113281+0000
2000-01-01_00:05:41.945312+0000,87525,832.03125,2000-01-01_00:05:41.945312+0000
2000-01-01_00:05:42.796875+0000,87743,851.5625,2000-01-01_00:05:42.796875+0000
2000-01-01_00:05:43.621093+0000,87954,824.21875,2000-01-01_00:05:43.621093+0000
2000-01-01_00:05:44.437500+0000,88163,816.40625,2000-01-01_00:05:44.437500+0000
2000-01-01_00:05:45.261718+0000,88374,824.21875,2000-01-01_00:05:45.261718+0000
2000-01-01_00:05:46.089843+0000,88586,828.125,2000-01-01_00:05:46.089843+0000
2000-01-01_00:05:46.914062+0000,88797,824.21875,2000-01-01_00:05:46.914062+0000
2000-01-01_00:05:47.742187+0000,89009,828.125,2000-01-01_00:05:47.742187+0000
2000-01-01_00:05:48.589843+0000,89226,847.65625,2000-01-01_00:05:48.589843+0000
2000-01-01_00:05:49.425781+0000,89440,835.9375,2000-01-01_00:05:49.425781+0000
2000-01-01_00:05:50.257812+0000,89653,832.03125,2000-01-01_00:05:50.257812+0000
2000-01-01_00:05:51.113281+0000,89872,855.46875,2000-01-01_00:05:51.113281+0000
2000-01-01_00:05:51.957031+0000,90088,843.75,2000-01-01_00:05:51.957031+0000
2000-01-01_00:05:52.796875+0000,90303,839.84375,2000-01-01_00:05:52.796875+0000
2000-01-01_00:05:53.648437+0000,90521,851.5625,2000-01-01_00:05:53.648437+0000
2000-01-01_00:05:54.484375+0000,90735,835.9375,2000-01-01_00:05:54.484375+0000
2000-01-01_00:05:55.308593+0000,90946,824.21875,2000-01-01_00:05:55.308593+0000
2000-01-01_00:05:56.148437+0000,91161,839.84375,2000-01-01_00:05:56.148437+0000
2000-01-01_00:05:57.000000+0000,91379,851.5625,2000-01-01_00:05:57.000000+0000
2000-01-01_00:05:57.828125+0000,91591,828.125,2000-01-01_00:05:57.828125+0000
2000-01-01_00:05:58.656250+0000,91803,828.125,2000-01-01_00:05:58.656250+0000
2000-01-01_00:05:59.511718+0000,92022,855.46875,2000-01-01_00:05:59.511718+0000
2000-01-01_00:06:00.339843+0000,92234,828.125,2000-01-01_00:06:00.339843+0000
2000-01-01_00:06:01.167968+0000,92446,828.125,2000-01-01_00:06:01.167968+0000
2000-01-01_00:06:02.019531+0000,92664,851.5625,2000-01-01_00:06:02.019531+0000
2000-01-01_00:06:02.859375+0000,92879,839.84375,2000-01-01_00:06:02.859375+0000
2000-01-01_00:06:03.687500+0000,93091,828.125,2000-01-01_00:06:03.687500+0000
2000-01-01_00:06:04.527343+0000,93306,839.84375,2000-01-01_00:06:04.527343+0000
2000-01-01_00:06:05.371093+0000,93522,843.75,2000-01-01_00:06:05.371093+0000
2000-01-01_00:06:06.203125+0000,93735,832.03125,2000-01-01_00:06:06.203125+0000
2000-01-01_00:06:07.035156+0000,93948,832.03125,2000-01-01_00:06:07.035156+0000
2000-01-01_00:06:07.878906+0000,94164,843.75,2000-01-01_00:06:07.878906+0000
2000-01-01_00:06:08.710937+0000,94377,832.03125,2000-01-01_00:06:08.710937+0000
2000-01-01_00:06:09.539062+0000,94589,828.125,2000-01-01_00:06:09.539062+0000
2000-01-01_00:06:10.390625+0000,94807,851.5625,2000-01-01_00:06:10.390625+0000
2000-01-01_00:06:11.222656+0000,95020,832.03125,2000-01-01_00:06:11.222656+0000
2000-01-01_00:06:12.054687+0000,95233,832.03125,2000-01-01_00:06:12.054687+0000
2000-01-01_00:06:12.902343+0000,95450,847.65625,2000-01-01_00:06:12.902343+0000
2000-01-01_00:06:13.746093+0000,95666,843.75,2000-01-01_00:06:13.746093+0000
2000-01-01_00:06:14.574218+0000,95878,828.125,2000-01-01_00:06:14.574218+0000
2000-01-01_00:06:15.406250+0000,96091,832.03125,2000-01-01_00:06:15.406250+0000
2000-01-01_00:06:16.253906+0000,96308,847.65625,2000-01-01_00:06:16.253906+0000
2000-01-01_00:06:17.085937+0000,96521,832.03125,2000-01-01_00:06:17.085937+0000
2000-01-01_00:06:17.925781+0000,96736,839.84375,2000-01-01_00:06:17.925781+0000
2000-01-01_00:06:18.777343+0000,96954,851.5625,2000-01-01_00:06:18.777343+0000
2000-01-01_00:06:19.613281+0000,97168,835.9375,2000-01-01_00:06:19.613281+0000
2000-01-01_00:06:20.449218+0000,97382,835.9375,2000-01-01_00:06:20.449218+0000
2000-01-01_00:06:21.296875+0000,97599,847.65625,2000-01-01_00:06:21.296875+0000
2000-01-01_00:06:22.140625+0000,97815,843.75,2000-01-01_00:06:22.140625+0000
2000-01-01_00:06:22.964843+0000,98026,824.21875,2000-01-01_00:06:22.964843+0000
2000-01-01_00:06:23.800781+0000,98240,835.9375,2000-01-01_00:06:23.800781+0000
2000-01-01_00:06:24.648437+0000,98457,847.65625,2000-01-01_00:06:24.648437+0000
2000-01-01_00:06:25.476562+0000,98669,828.125,2000-01-01_00:06:25.476562+0000
2000-01-01_00:06:26.308593+0000,98882,832.03125,2000-01-01_00:06:26.308593+0000
2000-01-01_00:06:27.132812+0000,99093,824.21875,2000-01-01_00:06:27.132812+0000
2000-01-01_00:06:27.949218+0000,99302,816.40625,2000-01-01_00:06:27.949218+0000
2000-01-01_00:06:28.785156+0000,99516,835.9375,2000-01-01_00:06:28.785156+0000
2000-01-01_00:06:29.621093+0000,99730,835.9375,2000-01-01_00:06:29.621093+0000
2000-01-01_00:06:30.441406+0000,99940,820.3125,2000-01-01_00:06:30.441406+0000
